{
  "ö": 0.014801068502298821,
  "å": 0.017716333187784143,
  "ä": 0.020914134538823105,
  "z": 4.3664757403744895e-4,
  "y": 0.006244702437520869,
  "x": 7.320268152980762e-4,
  "w": 3.242750366013408e-4,
  "v": 0.027752806102791974,
  "u": 0.01941476382503275,
  "t": 0.07728983124855521,
  "s": 0.06310199573626486,
  "r": 0.0786511442734955,
  "q": 5.458094675468112e-5,
  "p": 0.016040377058022758,
  "o": 0.0462718002722626,
  "n": 0.08148293221688542,
  "m": 0.03457221380320037,
  "l": 0.05235275986951943,
  "k": 0.02924896617265559,
  "j": 0.009365448334317931,
  "i": 0.047340944699869006,
  "h": 0.027335422392315,
  "g": 0.037426476254077516,
  "f": 0.018868954357485937,
  "e": 0.09488094932319625,
  "d": 0.05035573934708345,
  "c": 0.016868723191123213,
  "b": 0.014020882028099556,
  "a": 0.09613310045462718
}